City_ID,City,Country,Lat,Lng,Max Temp,Humidity,Cloudiness,Wind Speed,Current Description
0,Bethel,US,41.37,-73.41,35.01,80,40,3.36,scattered clouds
1,Key West,US,24.56,-81.78,82.4,74,1,10.29,clear sky
2,Hobart,AU,-42.88,147.33,66.0,67,75,9.17,shower rain
3,Panambi,BR,-28.29,-53.5,58.55,73,0,15.39,clear sky
4,Ushuaia,AR,-54.8,-68.3,48.2,87,75,6.93,broken clouds
5,Westport,US,41.14,-73.36,44.6,52,75,12.75,broken clouds
6,Busselton,AU,-33.65,115.33,60.01,76,100,1.3,light rain
7,Kaniama,CD,-7.57,24.18,63.84,94,100,1.25,overcast clouds
8,Fort Nelson,CA,58.81,-122.7,26.6,92,75,4.7,broken clouds
9,Carnarvon,AU,-24.87,113.63,73.4,60,90,18.34,overcast clouds
10,Port Lincoln,AU,-34.73,135.87,61.43,74,2,14.38,clear sky
11,Chokurdakh,RU,70.63,147.92,-8.3,91,75,7.63,broken clouds
12,Saint George,US,37.1,-113.58,69.8,15,1,3.36,clear sky
13,Richards Bay,ZA,-28.78,32.04,62.92,91,100,2.39,light rain
14,Bluff,NZ,-46.6,168.33,57.0,75,100,15.01,light rain
15,San-Pedro,CI,4.75,-6.64,76.89,92,4,4.27,clear sky
16,Santo Augusto,BR,-27.85,-53.78,59.47,74,0,15.3,clear sky
17,Kupang,ID,-10.17,123.58,89.83,42,6,2.1,clear sky
18,Barrow,US,71.29,-156.79,24.8,73,90,13.87,light snow
19,Dikson,RU,73.51,80.55,18.7,98,99,6.26,light snow
20,Gladstone,AU,-23.85,151.25,84.2,58,80,11.41,broken clouds
21,Georgetown,MY,5.41,100.34,78.8,88,40,3.36,scattered clouds
22,Kenda,IN,23.2,86.53,75.2,69,62,2.24,haze
23,Vidim,RU,56.41,103.11,11.37,92,20,3.2,few clouds
24,Mar Del Plata,AR,-38.0,-57.56,61.0,76,0,4.7,clear sky
25,Imeni Poliny Osipenko,RU,52.42,136.49,33.75,98,100,3.76,overcast clouds
26,Rikitea,PF,-23.12,-134.97,76.08,67,0,7.36,clear sky
27,Kendari,ID,-3.94,122.5,85.28,66,100,3.04,overcast clouds
28,Gillette,US,44.29,-105.5,37.0,79,1,6.93,clear sky
29,Sitka,US,57.05,-135.33,51.8,87,90,17.22,mist
30,Cape Town,ZA,-33.93,18.42,59.0,54,0,11.41,clear sky
31,New Norfolk,AU,-42.78,147.06,66.0,57,66,1.01,broken clouds
32,Labuhan,ID,-6.88,112.21,76.68,88,90,4.16,overcast clouds
33,Arraial Do Cabo,BR,-22.97,-42.03,71.04,81,48,17.07,scattered clouds
34,Port Alfred,ZA,-33.59,26.89,61.27,81,56,10.51,broken clouds
35,Dolinsk,RU,47.35,142.8,50.0,93,40,15.66,scattered clouds
36,Hilo,US,19.73,-155.09,84.2,62,40,9.17,scattered clouds
37,Saint-Philippe,RE,-21.36,55.77,66.2,59,75,9.17,broken clouds
38,Gorontalo,ID,0.54,123.06,86.76,57,100,4.07,overcast clouds
39,Sobolevo,RU,54.43,31.9,43.66,85,96,11.63,overcast clouds
40,Mawlaik,MM,23.63,94.42,74.08,92,34,0.36,scattered clouds
41,Broadstairs,GB,51.36,1.44,52.0,74,100,1.99,light rain
42,Kapaa,US,22.08,-159.32,82.4,65,75,8.05,broken clouds
43,Salalah,OM,17.02,54.09,71.6,37,0,4.7,clear sky
44,Merauke,ID,-8.47,140.33,85.93,54,59,11.5,broken clouds
45,Longkou,CN,37.65,120.33,59.76,45,16,12.64,few clouds
46,Kahului,US,20.89,-156.47,87.8,48,40,11.41,scattered clouds
47,Pangnirtung,CA,66.15,-65.71,17.6,61,75,4.7,broken clouds
48,Khani,GE,41.96,42.96,53.6,100,34,1.12,scattered clouds
49,Kaitangata,NZ,-46.28,169.85,60.01,55,93,15.99,overcast clouds
50,Honningsvag,NO,70.98,25.97,40.82,76,3,20.76,clear sky
51,Albany,US,42.6,-73.97,33.01,84,0,4.94,clear sky
52,Khatanga,RU,71.97,102.5,-5.53,87,60,9.84,broken clouds
53,Terney,RU,45.05,136.61,49.62,74,98,3.29,overcast clouds
54,Panjab,AF,34.39,67.02,18.09,71,0,1.45,clear sky
55,Kavaratti,IN,10.57,72.64,81.77,70,74,4.43,broken clouds
56,Cingoli,IT,43.37,13.2,51.01,89,100,2.8,overcast clouds
57,Kununurra,AU,-15.77,128.73,91.4,63,14,4.7,few clouds
58,Avera,US,33.19,-82.53,59.0,87,90,6.93,mist
59,Los Llanos De Aridane,ES,28.66,-17.92,80.6,22,0,10.29,clear sky
60,Zhengjiatun,CN,43.51,123.51,44.64,54,0,16.8,clear sky
61,Marzuq,YE,14.4,46.47,62.19,36,0,2.57,clear sky
62,Okato,NZ,-39.2,173.88,62.01,76,100,8.99,overcast clouds
63,Leninsk,RU,48.71,45.2,53.6,62,75,11.18,broken clouds
64,Bela Vista,BR,-22.11,-56.52,69.31,86,18,4.34,few clouds
65,Gushikawa,JP,26.35,127.87,80.6,64,1,11.41,clear sky
66,East London,ZA,-33.02,27.91,64.99,73,93,11.56,overcast clouds
67,Vaini,TO,-21.2,-175.2,77.0,83,75,11.41,broken clouds
68,Muros,ES,42.78,-9.06,63.0,92,100,14.0,light rain
69,Cidreira,BR,-30.18,-50.21,62.33,75,0,7.65,clear sky
70,Atuona,PF,-9.8,-139.03,78.24,76,13,17.05,light rain
71,Nikolskoye,RU,59.7,30.79,33.01,100,90,4.47,fog
72,Mahebourg,MU,-20.41,57.7,68.0,72,40,9.17,shower rain
73,Adrar,MR,20.5,-10.07,79.5,17,53,11.32,broken clouds
74,Norman Wells,CA,65.28,-126.83,1.4,84,40,4.7,scattered clouds
75,Yellowknife,CA,62.46,-114.35,21.99,100,90,10.29,light snow
76,Qaanaaq,GL,77.48,-69.36,6.01,82,0,5.46,clear sky
77,Puerto Ayora,EC,-0.74,-90.35,70.0,91,62,7.0,broken clouds
78,Port-Gentil,GA,-0.72,8.78,78.46,86,100,9.64,moderate rain
79,Severo-Kurilsk,RU,50.68,156.12,43.65,75,56,16.84,broken clouds
80,Grand Gaube,MU,-20.01,57.66,68.0,72,40,9.17,shower rain
81,Hobyo,SO,5.35,48.53,80.06,79,79,4.74,light rain
82,Tezu,IN,27.92,96.17,72.14,71,100,0.45,overcast clouds
83,Cherskiy,RU,68.75,161.3,11.43,89,100,3.13,overcast clouds
84,Aden,YE,12.78,45.04,81.36,67,0,17.72,clear sky
85,Longyearbyen,SJ,78.22,15.64,23.0,73,40,12.75,scattered clouds
86,Hermanus,ZA,-34.42,19.23,57.0,80,0,5.01,clear sky
87,Bredasdorp,ZA,-34.53,20.04,48.2,93,2,4.7,clear sky
88,Ampanihy,MG,-24.7,44.75,66.85,73,0,4.25,clear sky
89,Katsuura,JP,35.13,140.3,63.0,63,75,9.17,broken clouds
90,Itarema,BR,-2.92,-39.92,79.25,84,71,12.88,broken clouds
91,Pevek,RU,69.7,170.31,15.64,94,76,12.28,broken clouds
92,Huarmey,PE,-10.07,-78.15,62.22,85,100,6.04,overcast clouds
93,Ponta Delgada,PT,37.73,-25.67,69.8,94,75,13.87,broken clouds
94,Lewistown,US,40.6,-77.57,41.0,84,1,3.91,clear sky
95,Lorengau,PG,-2.02,147.27,85.66,71,14,9.33,few clouds
96,Victoria,HK,22.29,114.16,75.99,73,2,1.99,clear sky
97,Feijo,BR,-8.16,-70.35,68.65,94,100,1.95,overcast clouds
98,Luganville,VU,-15.53,167.17,86.0,66,20,11.41,few clouds
99,Whitehaven,GB,54.55,-3.58,48.0,87,100,10.0,overcast clouds
100,Poum,NC,-20.23,164.02,79.0,74,0,20.74,clear sky
101,Hoi An,VN,15.88,108.33,80.6,78,40,4.7,scattered clouds
102,Le Port,RE,-20.94,55.29,66.2,67,0,6.93,clear sky
103,Ostrovnoy,RU,68.05,39.51,27.88,94,100,18.9,overcast clouds
104,Hithadhoo,MV,-0.6,73.08,83.89,69,100,8.52,overcast clouds
105,Chernyshevskiy,RU,63.01,112.47,-1.93,92,0,2.04,clear sky
106,Te Anau,NZ,-45.42,167.72,52.72,68,100,7.65,overcast clouds
107,Skagen,DK,57.72,10.58,55.0,95,100,25.99,light rain
108,Butaritari,KI,3.07,172.79,81.77,75,100,14.7,overcast clouds
109,Port Pirie,AU,-33.18,138.02,66.2,63,0,4.7,clear sky
110,Provideniya,RU,64.38,-173.3,23.56,87,0,4.61,clear sky
111,Alofi,NU,-19.06,-169.92,80.6,74,66,18.34,light rain
112,Shimoda,JP,34.67,138.95,62.6,67,40,14.99,scattered clouds
113,Birao,CF,10.28,22.79,75.16,54,0,1.92,clear sky
114,Karlskoga,SE,59.33,14.52,50.0,87,100,11.41,overcast clouds
115,Wahpeton,US,46.27,-96.61,33.8,64,90,25.28,overcast clouds
116,Punta Arenas,CL,-53.15,-70.92,51.8,71,0,4.7,clear sky
117,Kismayo,SO,-0.36,42.55,79.18,81,9,12.39,clear sky
118,San Carlos De Bariloche,AR,-41.15,-71.31,66.2,25,0,5.82,clear sky
119,Jamestown,US,42.1,-79.24,39.99,69,1,10.29,clear sky
120,Kearney,US,40.7,-99.08,57.2,48,1,16.11,clear sky
121,Isangel,VU,-19.55,169.27,80.53,70,100,14.83,overcast clouds
122,Asau,RO,46.43,26.4,46.4,87,82,21.92,drizzle
123,Dholka,IN,22.72,72.47,62.6,67,0,3.36,haze
124,Otjiwarongo,NA,-20.46,16.65,68.72,35,90,10.02,light rain
125,Umm Kaddadah,SD,13.6,26.69,83.21,24,96,18.25,overcast clouds
126,Saint-Augustin,CA,51.23,-58.65,28.45,80,0,10.51,clear sky
127,Brae,GB,60.4,-1.35,50.0,81,100,40.26,light rain
128,Upernavik,GL,72.79,-56.15,16.02,95,100,13.31,overcast clouds
129,Hargeysa,SO,9.56,44.06,63.97,78,0,7.58,clear sky
130,Kungurtug,RU,50.6,97.52,17.91,89,99,2.1,overcast clouds
131,Sembakung,ID,3.82,117.25,81.01,78,81,3.2,broken clouds
132,Namatanai,PG,-3.67,152.43,86.11,66,26,3.96,scattered clouds
133,College,US,64.86,-147.8,10.0,77,90,1.79,light snow
134,Esperance,AU,-33.87,121.9,71.6,68,100,9.17,overcast clouds
135,Wageningen,NL,51.97,5.67,52.0,93,90,5.82,overcast clouds
136,Marktoberdorf,DE,47.78,10.62,50.0,81,91,5.82,overcast clouds
137,Uravakonda,IN,14.95,77.27,70.7,80,0,1.92,clear sky
138,Gravdal,NO,68.12,13.5,44.55,68,99,16.89,overcast clouds
139,Merrill,US,45.18,-89.68,53.6,66,90,13.87,overcast clouds
140,Ribeira Grande,PT,38.52,-28.7,68.95,93,35,21.34,scattered clouds
141,Mataura,NZ,-46.19,168.86,57.0,75,100,15.01,overcast clouds
142,Anadyr,RU,64.75,177.48,6.8,84,40,8.95,scattered clouds
143,Winslow,US,35.02,-110.7,64.4,22,1,5.82,clear sky
144,Ambon,ID,-3.7,128.18,84.99,89,74,1.01,light rain
145,Kodiak,US,57.79,-152.41,37.4,40,1,9.17,clear sky
146,Bima,ID,-8.47,118.72,88.97,51,6,2.53,clear sky
147,Honiara,SB,-9.43,159.95,89.6,66,20,5.82,few clouds
148,Ostersund,SE,63.18,14.64,39.2,93,100,19.46,overcast clouds
149,Scarborough,GB,54.28,-0.4,48.0,80,100,5.99,overcast clouds
150,Zaragoza,ES,41.66,-0.88,51.8,81,0,2.24,clear sky
151,Castro,BR,-24.79,-50.01,52.05,94,35,6.8,scattered clouds
152,Scordia,IT,37.3,14.84,59.0,100,5,3.36,clear sky
153,Matara,LK,5.95,80.54,77.34,85,100,5.88,overcast clouds
154,Cordoba,AR,-31.41,-64.18,64.99,43,0,10.29,clear sky
155,Karambakkudi,IN,10.47,79.13,78.8,88,40,2.44,mist
156,Angoram,PG,-4.06,144.07,90.25,55,35,5.06,scattered clouds
157,La Plata,AR,-34.92,-57.95,60.01,77,0,1.01,clear sky
158,Tolaga Bay,NZ,-38.37,178.3,73.36,42,99,0.83,overcast clouds
159,Chapais,CA,49.78,-74.85,28.4,58,90,17.22,overcast clouds
160,Ranot,TH,7.78,100.32,81.59,75,25,4.38,light rain
161,Kalach-Na-Donu,RU,48.69,43.53,53.6,62,75,11.18,moderate rain
162,Kalmar,SE,56.66,16.36,50.0,100,81,14.99,broken clouds
163,Ipixuna,BR,-1.76,-48.8,82.4,74,0,11.41,clear sky
164,Camopi,GF,3.17,-52.32,77.97,80,19,3.8,few clouds
165,Onega,RU,63.91,38.14,31.21,96,2,6.93,clear sky
166,Murray Bridge,AU,-35.12,139.27,66.0,69,0,3.42,clear sky
167,Lompoc,US,34.64,-120.46,70.0,56,1,11.41,clear sky
168,Shenjiamen,CN,29.96,122.3,69.15,75,7,2.82,clear sky
169,Verkhnevilyuysk,RU,63.45,120.32,-2.02,92,64,3.74,broken clouds
170,Codrington,AU,-38.27,141.97,59.97,74,54,8.12,broken clouds
171,Avarua,CK,-21.21,-159.78,73.4,94,100,9.17,haze
172,Almaznyy,RU,48.04,40.05,50.0,93,20,4.47,few clouds
173,Gracac,HR,44.3,15.85,42.8,100,100,1.12,mist
174,Amuntai,ID,-2.42,115.25,78.42,91,100,0.04,heavy intensity rain
175,Vila Franca Do Campo,PT,37.72,-25.43,69.8,94,75,13.87,broken clouds
176,Guerrero Negro,MX,27.98,-114.06,71.06,53,99,9.19,overcast clouds
177,Samarinda,ID,-0.5,117.15,81.3,80,72,4.23,light rain
178,Kondinskoye,RU,59.65,67.41,34.81,98,100,8.01,light rain
179,Pundaguitan,PH,6.37,126.17,83.35,74,100,9.89,overcast clouds
180,Paamiut,GL,61.99,-49.67,23.97,94,100,7.18,light snow
181,Broome,US,42.25,-75.83,35.01,69,1,10.29,clear sky
182,Leh,IN,34.17,77.58,26.53,74,0,0.51,clear sky
183,Tuktoyaktuk,CA,69.45,-133.04,-2.2,84,75,5.82,broken clouds
184,Banjar,ID,-8.19,114.97,80.8,71,85,3.53,overcast clouds
185,Cranbrook,CA,49.5,-115.77,42.8,48,75,2.24,broken clouds
186,Praya,CV,14.92,-23.51,75.2,78,0,18.34,clear sky
187,San Rafael,AR,-34.62,-68.33,70.99,23,0,11.14,clear sky
188,Trinidad,BO,-14.83,-64.9,74.46,45,20,2.08,few clouds
189,Tyrma,RU,50.08,132.17,37.92,88,100,6.35,light rain
190,Kavieng,PG,-2.57,150.8,85.35,72,1,9.89,clear sky
191,Bhum,IN,18.47,75.67,69.96,56,0,7.7,clear sky
192,Gizo,SB,-8.1,156.84,85.3,67,55,2.06,broken clouds
193,Taoudenni,ML,22.68,-3.98,75.69,20,99,12.17,overcast clouds
194,Raudeberg,NO,61.99,5.14,50.0,83,100,33.02,light rain
195,Masalli,KR,34.8,126.66,53.6,93,90,5.82,overcast clouds
196,Feira De Santana,BR,-12.27,-38.97,73.87,87,96,7.67,overcast clouds
197,Pisco,PE,-13.7,-76.22,63.0,88,0,16.11,clear sky
198,Clyde River,CA,70.47,-68.59,14.0,85,20,17.22,few clouds
199,Pacific Grove,US,36.62,-121.92,69.8,40,1,3.36,clear sky
200,Balabac,PH,7.99,117.06,82.15,78,100,6.62,overcast clouds
201,Zhigansk,RU,66.77,123.37,-0.98,92,93,6.31,overcast clouds
202,Faya,SA,18.39,42.45,60.8,29,0,1.45,clear sky
203,Neiafu,TO,-18.65,-173.98,77.0,88,75,9.17,broken clouds
204,Karasburg,NA,-28.02,18.75,61.68,27,0,9.84,clear sky
205,Coquimbo,CL,-29.95,-71.34,53.6,87,8,6.93,clear sky
206,Sao Joao Da Barra,BR,-21.64,-41.05,70.84,88,99,13.78,light rain
207,Champerico,GT,14.3,-91.92,77.0,94,75,4.7,broken clouds
208,Fortaleza,BR,-3.72,-38.52,80.6,83,40,6.93,scattered clouds
209,Batagay-Alyta,RU,67.8,130.41,0.97,92,99,0.94,overcast clouds
210,Hasaki,JP,35.73,140.83,63.0,63,20,8.05,few clouds
211,Bonavista,CA,48.65,-53.11,30.99,68,90,9.17,overcast clouds
212,Long Xuyen,VN,10.38,105.42,80.6,88,40,1.12,scattered clouds
213,Ancud,CL,-41.87,-73.82,57.2,71,0,2.24,clear sky
214,Severo-Yeniseyskiy,RU,60.37,93.04,10.78,95,100,5.84,overcast clouds
215,Leshukonskoye,RU,64.9,45.76,29.01,97,27,4.47,scattered clouds
216,Gamba,GA,-2.65,10.0,76.39,91,100,4.27,light rain
217,El Paujil,CO,1.57,-75.33,73.81,94,100,2.48,light rain
218,Srednekolymsk,RU,67.45,153.68,7.65,94,100,3.83,light snow
219,Trincomalee,LK,8.57,81.23,78.42,78,75,7.54,broken clouds
220,Henties Bay,NA,-22.12,14.28,55.0,93,56,5.01,broken clouds
221,Tallahassee,US,30.44,-84.28,69.8,77,1,8.05,clear sky
222,Kantang,TH,7.41,99.52,77.0,94,75,2.24,broken clouds
223,Puerto Colombia,CO,10.99,-74.95,82.18,78,99,7.27,moderate rain
224,Charters Towers,AU,-20.1,146.27,88.09,31,0,4.54,clear sky
225,Bengkulu,ID,-3.8,102.27,79.41,79,100,3.0,overcast clouds
226,Manoel Urbano,BR,-8.84,-69.26,68.7,97,100,2.37,overcast clouds
227,Khorramshahr,IR,30.44,48.17,62.6,48,0,2.24,clear sky
228,Awbari,LY,26.59,12.78,59.65,54,0,7.45,clear sky
229,Burgeo,CA,47.62,-57.62,33.31,88,53,18.84,broken clouds
230,Jumla,NP,29.27,82.18,46.4,54,0,5.39,clear sky
231,Bambous Virieux,MU,-20.34,57.76,68.0,72,40,9.17,shower rain
232,Vardo,NO,70.37,31.11,39.0,88,100,15.66,overcast clouds
233,Filadelfia,US,39.95,-75.16,44.6,52,20,3.36,few clouds
234,Tual,ID,-5.67,132.75,84.0,75,87,14.14,overcast clouds
235,Santa Cruz De Tenerife,ES,28.47,-16.25,72.0,26,0,6.93,clear sky
236,Karera,IN,25.47,78.15,64.31,27,0,5.03,clear sky
237,Cuamba,MZ,-14.8,36.54,69.37,76,18,1.54,few clouds
238,Vila Velha,BR,-20.33,-40.29,69.8,88,90,8.05,overcast clouds
239,Lensk,RU,60.73,114.93,-1.35,89,3,1.23,clear sky
240,Bitburg,DE,49.97,6.53,54.0,100,90,8.05,overcast clouds
241,Aragats,AM,40.49,44.35,46.4,70,20,3.69,few clouds
242,Peto,MX,20.13,-88.92,73.87,98,100,4.65,moderate rain
243,Coihaique,CL,-45.58,-72.07,66.2,39,0,2.66,clear sky
244,Oltu,TR,40.55,42.0,50.99,46,51,4.14,broken clouds
245,Necochea,AR,-38.55,-58.74,53.01,74,0,5.01,clear sky
246,Fortuna,US,40.6,-124.16,50.0,100,90,6.93,overcast clouds
247,Narsaq,GL,60.92,-46.05,26.6,79,88,1.36,light snow
248,Valdivia,CL,-39.81,-73.25,66.2,72,0,3.36,clear sky
249,Sam Roi Yot,TH,12.27,99.87,78.8,88,40,5.82,moderate rain
250,Kamenka,RU,51.32,42.77,49.6,73,100,12.1,overcast clouds
251,Bam,IR,29.11,58.36,53.64,40,0,4.21,clear sky
252,Preobrazheniye,RU,42.9,133.91,55.09,77,45,9.19,scattered clouds
253,Tarakan,ID,3.3,117.63,79.38,82,100,6.08,moderate rain
254,Nanortalik,GL,60.14,-45.24,28.74,90,42,22.59,scattered clouds
255,Takoradi,GH,4.88,-1.76,78.17,87,25,4.52,scattered clouds
256,Verkhoshizhemye,RU,58.01,49.1,29.23,96,0,6.46,clear sky
257,Vallenar,CL,-28.57,-70.76,59.05,49,0,2.01,clear sky
258,Wentzville,US,38.81,-90.85,55.99,60,0,1.01,clear sky
259,Kutum,SD,14.2,24.67,72.09,33,53,10.51,broken clouds
260,Tshikapa,CD,-6.42,20.8,69.28,93,94,0.81,overcast clouds
261,Channagiri,IN,14.03,75.93,67.46,80,0,3.65,clear sky
262,Havoysund,NO,71.0,24.66,39.2,69,0,17.22,clear sky
263,Pemba,MZ,-12.97,40.52,73.4,88,20,4.7,few clouds
264,Tiksi,RU,71.69,128.87,-0.81,92,86,6.76,overcast clouds
265,Sao Filipe,CV,14.9,-24.5,79.57,68,82,9.82,broken clouds
266,Nelson Bay,AU,-32.72,152.15,71.01,64,75,13.87,broken clouds
267,Namibe,AO,-15.2,12.15,76.41,73,98,7.2,overcast clouds
268,Tura,IN,25.52,90.22,71.49,93,98,0.78,overcast clouds
269,Tasiilaq,GL,65.61,-37.64,32.0,95,100,8.05,overcast clouds
270,Ilulissat,GL,69.22,-51.1,21.2,73,100,11.41,light snow
271,Tongliao,CN,43.61,122.27,44.19,54,0,17.49,clear sky
272,Nalut,LY,30.33,10.85,55.26,86,0,9.22,clear sky
273,Khandbari,NP,27.37,87.2,64.65,36,23,3.51,few clouds
274,Makat,KZ,47.65,53.35,45.82,61,0,12.64,clear sky
275,Burnie,AU,-41.07,145.92,62.01,56,76,5.99,broken clouds
276,General Roca,AR,-39.03,-67.58,78.8,29,0,4.7,clear sky
277,Ternate,ID,0.8,127.4,84.11,73,100,9.91,overcast clouds
278,Dicabisagan,PH,17.08,122.42,78.82,86,100,15.43,moderate rain
279,Jacareacanga,BR,-6.22,-57.75,81.32,59,97,1.16,overcast clouds
280,Pringsewu,ID,-5.36,104.97,80.67,75,69,4.29,broken clouds
281,San Patricio,US,28.02,-97.52,71.6,60,20,11.41,few clouds
282,Port Shepstone,ZA,-30.74,30.45,63.64,81,100,4.61,light rain
283,Maraba,BR,-5.37,-49.12,78.24,77,0,2.17,clear sky
284,Khuzdar,PK,27.74,66.64,52.09,35,0,2.95,clear sky
285,Nikolayevskaya,RU,47.61,41.5,52.75,89,100,6.06,overcast clouds
286,San Cristobal,VE,7.77,-72.22,68.34,92,100,1.21,moderate rain
287,Port Elizabeth,ZA,-33.92,25.57,64.4,82,75,8.05,broken clouds
288,Manakara,MG,-22.13,48.02,63.0,84,100,3.38,overcast clouds
289,Praia,CV,14.92,-23.51,75.2,78,0,18.34,clear sky
290,Hofn,IS,64.25,-15.21,42.98,64,100,18.39,overcast clouds
291,Airai,TL,-8.93,125.41,75.69,37,0,3.24,clear sky
292,Kabanjahe,ID,3.1,98.49,65.93,91,100,0.63,light rain
293,Lebu,CL,-37.62,-73.65,51.26,92,80,6.31,broken clouds
294,Thompson,CA,55.74,-97.86,15.8,72,75,5.82,broken clouds
295,Snezhnogorsk,RU,69.19,33.25,30.2,86,75,4.47,broken clouds
296,Ajdabiya,LY,30.76,20.23,64.35,68,0,7.27,clear sky
297,Saint-Francois,FR,46.42,3.91,51.8,93,0,8.05,clear sky
298,Kirensk,RU,57.79,108.11,10.65,92,77,4.74,broken clouds
299,Jaclupan,PH,10.3,123.82,82.4,78,90,9.17,overcast clouds
300,Torbay,CA,47.67,-52.73,34.0,86,75,20.8,broken clouds
301,Varia,FR,44.57,-0.11,55.99,93,0,3.36,clear sky
302,Bogotol,RU,56.21,89.53,31.19,99,100,10.45,overcast clouds
303,Ballina,AU,-28.87,153.57,82.99,44,0,11.41,clear sky
304,Ambilobe,MG,-13.2,49.05,68.85,68,41,3.85,scattered clouds
305,Geraldton,AU,-28.77,114.6,60.8,93,75,11.41,shower rain
306,Bend,US,44.06,-121.32,53.6,34,1,5.82,clear sky
307,Vestmannaeyjar,IS,63.44,-20.27,41.04,72,0,9.22,clear sky
308,Adilcevaz,TR,38.8,42.73,55.4,24,40,9.17,scattered clouds
309,Chontalpa,MX,17.7,-93.52,68.09,96,100,4.03,overcast clouds
310,Aldan,RU,58.6,125.39,-6.43,91,100,2.37,overcast clouds
311,Yerbogachen,RU,61.28,108.01,1.22,92,0,2.1,clear sky
312,Chuy,UY,-33.7,-53.46,52.79,85,0,4.0,clear sky
313,Kalmunai,LK,7.42,81.82,78.46,83,78,6.62,broken clouds
314,Masty,BY,53.41,24.54,41.7,94,8,2.89,clear sky
315,Tharad,IN,24.4,71.63,70.05,30,0,2.53,clear sky
316,Port Hardy,CA,50.7,-127.42,50.0,76,90,5.82,overcast clouds
317,Dao,PH,11.39,122.69,80.11,84,100,7.7,moderate rain
318,Diffa,NE,13.32,12.61,77.25,27,0,10.11,clear sky
319,Lagoa,PT,39.05,-27.98,68.34,93,100,26.17,overcast clouds
320,Bodden Town,KY,19.28,-81.25,84.2,74,40,12.75,scattered clouds
321,Raahe,FI,64.68,24.48,35.6,93,90,9.17,light rain
322,Igrim,RU,63.19,64.42,29.14,96,0,7.81,clear sky
323,Cap Malheureux,MU,-19.98,57.61,68.0,72,40,9.17,shower rain
324,Bokoro,TD,12.38,17.06,81.18,21,2,11.54,clear sky
325,Nuuk,GL,64.18,-51.72,23.0,85,100,9.17,light snow
326,Ugoofaaru,MV,5.67,73.0,82.13,68,0,3.98,clear sky
327,Erenhot,CN,43.65,111.98,30.25,75,76,8.21,broken clouds
328,Waingapu,ID,-9.66,120.26,86.47,57,28,1.43,scattered clouds
329,Ketchikan,US,55.34,-131.65,50.0,100,90,17.22,heavy intensity rain
330,Mastic Beach,US,40.77,-72.85,42.8,80,20,10.22,few clouds
331,Dedza,MW,-14.38,34.33,57.96,90,0,4.54,clear sky
332,Rongcheng,CN,30.63,117.85,61.9,76,92,1.14,light rain
333,Klaksvik,FO,62.23,-6.59,44.6,100,92,33.33,light rain
334,Susaki,JP,33.37,133.28,64.4,63,75,9.17,broken clouds
335,Saint Anthony,US,45.02,-93.22,44.6,48,40,19.46,scattered clouds
336,Amapa,BR,1.0,-52.0,78.94,73,0,4.27,clear sky
337,Narkevychi,UA,49.52,26.64,41.63,93,98,14.61,overcast clouds
338,Vila,PT,42.03,-8.16,59.0,94,100,5.99,overcast clouds
339,Hambantota,LK,6.12,81.12,75.2,100,90,2.24,mist
340,Bud,US,39.45,-86.18,52.0,62,1,6.93,clear sky
341,Talcahuano,CL,-36.72,-73.12,55.4,87,90,4.7,overcast clouds
342,Ahipara,NZ,-35.17,173.17,69.85,63,19,4.43,few clouds
343,Nouadhibou,MR,20.93,-17.03,68.0,77,0,10.29,clear sky
344,Aswan,EG,24.09,32.91,72.7,57,0,8.05,clear sky
345,Beckley,US,37.78,-81.19,46.4,65,1,11.41,clear sky
346,Palana,RU,59.12,159.97,34.27,85,100,4.09,overcast clouds
347,Jardim,BR,-21.48,-56.14,69.21,86,1,4.76,clear sky
348,Rakiv Lis,UA,51.62,24.92,40.01,95,0,5.23,clear sky
349,Dabat,ET,12.98,37.77,50.99,65,0,2.91,clear sky
350,Kem,RU,64.96,34.58,29.66,93,0,9.62,clear sky
351,Saskylakh,RU,71.92,114.08,-5.98,86,0,8.23,clear sky
352,Lavrentiya,RU,65.58,-171.0,22.33,90,0,8.14,clear sky
353,La Cruz,MX,23.92,-106.9,80.01,73,0,4.0,clear sky
354,Port Hedland,AU,-20.32,118.57,87.8,43,0,8.05,clear sky
355,Menzelinsk,RU,55.73,53.1,37.4,100,90,6.71,fog
356,Pizarro,CO,4.95,-77.37,77.47,89,100,7.49,moderate rain
357,Maldonado,UY,-34.67,-54.92,55.4,87,0,4.7,clear sky
358,Comodoro Rivadavia,AR,-45.87,-67.5,59.0,77,0,2.24,clear sky
359,Moron,AR,-34.65,-58.62,64.0,58,0,1.01,clear sky
360,Bathsheba,BB,13.22,-59.52,78.8,88,20,9.17,few clouds
361,Svetlaya,RU,46.54,138.33,48.9,59,100,8.79,overcast clouds
362,Cabo San Lucas,MX,22.89,-109.91,82.4,74,20,9.17,few clouds
363,Koluszki,PL,51.74,19.82,41.0,93,90,4.7,overcast clouds
364,Faanui,PF,-16.48,-151.75,79.54,74,0,19.35,clear sky
365,Fare,PF,-16.7,-151.02,80.04,75,0,18.34,clear sky
366,Naze,JP,28.37,129.48,75.2,78,20,14.99,few clouds
367,Abidjan,CI,5.31,-4.02,80.6,94,75,2.24,thunderstorm
368,Mecca,SA,21.43,39.83,74.3,64,0,1.12,clear sky
369,Itamaraca,BR,-7.75,-34.83,80.6,78,75,8.05,broken clouds
370,Port Victoria,KE,0.09,33.98,68.61,79,30,6.42,scattered clouds
371,Ouallam,NE,14.32,2.09,82.94,15,0,12.35,clear sky
372,Sokolow Podlaski,PL,52.41,22.25,39.99,90,0,2.26,clear sky
373,Meulaboh,ID,4.14,96.13,79.36,78,100,3.67,light rain
374,Hami,CN,42.8,93.45,36.81,67,0,8.81,clear sky
375,Sorong,ID,-0.88,131.25,85.75,68,1,7.34,clear sky
376,Xingtai,CN,37.06,114.49,57.36,32,100,1.59,overcast clouds
377,Solnechnyy,RU,50.72,136.63,36.43,93,100,7.11,light rain
378,Launceston,AU,-41.45,147.17,70.0,55,4,5.82,clear sky
379,Rio Branco Do Sul,BR,-25.19,-49.31,55.4,93,75,5.82,light intensity drizzle
380,Yhu,PY,-25.05,-55.92,66.69,68,1,6.29,clear sky
381,Stykkisholmur,IS,65.08,-22.73,38.61,84,77,1.25,broken clouds
382,Chara,RU,56.91,118.26,7.83,88,100,2.44,overcast clouds
383,Qena,EG,26.16,32.72,73.4,73,0,4.7,clear sky
384,Nosy Varika,MG,-20.58,48.53,63.54,81,77,4.07,broken clouds
385,Boyolangu,ID,-8.12,111.89,80.44,74,29,7.72,scattered clouds
386,Kijang,KR,35.24,129.21,57.2,71,0,5.82,clear sky
387,Senneterre,CA,48.38,-77.23,32.0,80,40,16.11,scattered clouds
388,Oranjemund,NA,-28.55,16.43,57.92,74,0,8.28,clear sky
389,Flinders,AU,-34.58,150.86,62.01,89,100,8.99,light rain
390,Bumba,CD,2.18,22.47,70.59,94,100,1.01,moderate rain
391,Nampa,US,43.54,-116.56,57.2,32,1,1.92,clear sky
392,Salinopolis,BR,-0.61,-47.36,80.51,81,24,13.09,few clouds
393,Ulladulla,AU,-35.35,150.47,59.0,100,90,21.92,overcast clouds
394,Linhares,BR,-19.39,-40.07,68.13,95,100,7.61,moderate rain
395,The Valley,AI,18.22,-63.06,82.4,69,20,11.41,few clouds
396,Mareeba,AU,-17.0,145.43,91.0,48,0,11.41,clear sky
397,Homer,US,59.64,-151.55,30.2,36,1,12.75,clear sky
398,Kalaleh,IR,37.38,55.49,59.0,51,0,8.48,clear sky
399,Tres Arroyos,AR,-38.37,-60.28,55.31,62,0,8.81,clear sky
400,Ola,RU,59.58,151.28,33.78,91,99,8.32,overcast clouds
401,Akhmeta,GE,42.03,45.21,62.6,55,0,13.87,clear sky
402,Mwanza,TZ,-2.52,32.9,69.8,94,40,5.82,scattered clouds
403,Inhambane,MZ,-23.86,35.38,71.83,73,55,10.96,broken clouds
404,Plettenberg Bay,ZA,-34.05,23.37,56.61,83,6,4.61,clear sky
405,Gouyave,GD,12.16,-61.73,80.6,83,20,13.87,few clouds
406,Tuatapere,NZ,-46.13,167.68,57.0,75,90,15.01,overcast clouds
407,Luderitz,NA,-26.65,15.16,62.01,53,0,19.51,clear sky
408,Abha,SA,18.22,42.51,60.8,29,0,1.41,clear sky
409,Grindavik,IS,63.84,-22.43,37.4,93,75,1.12,broken clouds
410,Saldanha,ZA,-33.01,17.94,55.4,58,0,6.93,clear sky
411,Penzance,GB,50.12,-5.54,53.6,93,100,29.97,light rain
412,Pahrump,US,36.21,-115.98,78.8,7,1,9.17,clear sky
413,Zarand,IR,30.81,56.56,43.63,54,0,3.71,clear sky
414,Ponta Do Sol,PT,32.67,-17.1,72.0,45,20,5.82,few clouds
415,San Vicente,AR,-26.62,-54.13,62.22,79,36,7.07,scattered clouds
416,Ocos,GT,14.51,-92.19,82.4,88,40,3.36,scattered clouds
417,Craig,US,40.52,-107.55,48.2,36,1,3.2,clear sky
418,Kangaatsiaq,GL,68.31,-53.46,24.28,97,100,14.27,light snow
419,Constitucion,CL,-35.33,-72.42,54.66,87,1,4.72,clear sky
420,Goderich,CA,43.75,-81.72,39.2,80,0,11.41,clear sky
421,Peniche,PT,39.36,-9.38,64.0,87,100,6.42,overcast clouds
422,Nantucket,US,41.28,-70.1,43.0,55,1,3.36,clear sky
423,Bondo,CD,3.81,23.69,69.8,96,100,1.32,overcast clouds
424,Pervomayskoye,RU,43.92,46.71,59.97,88,100,8.21,overcast clouds
425,Karla,EE,59.37,24.93,45.0,93,90,4.7,overcast clouds
426,Bogorodskoye,RU,56.55,37.88,41.13,91,100,6.69,overcast clouds
427,Banda Aceh,ID,5.56,95.32,81.57,73,100,6.2,light rain
428,Portland,US,45.52,-122.68,57.99,50,1,4.7,clear sky
429,Komsomolskiy,UZ,40.43,71.72,41.0,35,98,6.93,overcast clouds
430,Aqtobe,KZ,50.28,57.21,37.4,51,0,7.54,moderate rain
431,Washougal,US,45.58,-122.35,57.99,44,1,13.87,clear sky
432,Emerald,AU,-23.53,148.17,86.0,25,0,13.87,clear sky
433,Ostrow Mazowiecka,PL,52.8,21.9,39.99,90,0,3.04,clear sky
434,Tierranueva,MX,21.68,-100.57,59.0,46,0,5.23,clear sky
435,Omsukchan,RU,62.53,155.8,19.36,94,100,6.51,overcast clouds
436,Quatre Cocos,MU,-20.21,57.76,68.0,72,40,9.17,shower rain
437,Daru,PG,-9.08,143.21,84.85,69,44,13.31,scattered clouds
438,Walvis Bay,NA,-22.96,14.51,55.0,87,16,8.05,few clouds
439,Ogulin,HR,45.27,15.23,53.01,93,0,3.36,clear sky
440,Porto Walter,BR,-8.27,-72.74,71.8,82,100,3.44,overcast clouds
441,Chesapeake,US,36.82,-76.27,53.6,66,1,3.36,clear sky
442,Darnah,LY,32.77,22.64,69.26,70,65,10.02,light rain
443,Ixtapa,MX,20.7,-105.2,84.2,79,90,8.05,overcast clouds
444,San Quintin,MX,30.48,-115.95,67.46,67,15,4.5,few clouds
445,Lasa,IT,46.62,10.7,41.0,40,5,5.82,clear sky
446,Antofagasta,CL,-23.65,-70.4,60.8,77,90,9.17,overcast clouds
447,Atar,MR,20.52,-13.05,83.23,16,87,9.33,overcast clouds
448,Sandnessjoen,NO,66.02,12.63,50.0,61,100,31.09,overcast clouds
449,Yeppoon,AU,-23.13,150.73,86.0,48,50,5.82,scattered clouds
450,Jalu,LY,29.03,21.55,63.79,76,27,6.49,scattered clouds
451,Alice Springs,AU,-23.7,133.88,80.6,16,0,12.75,clear sky
452,Malakal,SS,9.53,31.66,75.02,75,14,3.18,few clouds
453,Phetchaburi,TH,12.97,99.58,78.8,88,40,5.82,scattered clouds
454,Atasu,KZ,48.68,71.64,32.68,76,0,3.27,clear sky
455,Krasnogorsk,RU,55.82,37.32,43.0,87,90,13.42,overcast clouds
456,Isla Vista,US,34.41,-119.86,70.0,82,1,4.7,clear sky
457,Saint-Georges,GD,12.06,-61.75,80.6,83,20,13.87,few clouds
458,Eirunepe,BR,-6.66,-69.87,71.1,95,100,4.36,light rain
459,Gaomi,CN,36.38,119.75,61.0,82,57,2.24,mist
460,Nome,US,64.5,-165.41,28.0,73,20,8.05,few clouds
461,Bloomington,US,44.84,-93.3,44.01,52,1,11.41,clear sky
462,Waipawa,NZ,-41.41,175.52,64.4,59,0,24.16,clear sky
463,Baykit,RU,61.67,96.37,0.66,89,71,3.36,broken clouds
464,Rocha,UY,-34.48,-54.33,47.64,91,0,1.79,clear sky
465,Say,NE,13.1,2.37,78.8,27,0,2.24,clear sky
466,Villa Carlos Paz,AR,-31.42,-64.5,64.99,43,0,10.29,clear sky
467,Rio Gallegos,AR,-51.62,-69.22,53.6,58,0,6.93,clear sky
468,Sonoita,MX,31.85,-112.83,78.01,20,100,3.85,overcast clouds
469,Celestun,MX,20.87,-90.4,77.36,86,99,12.82,overcast clouds
470,Oudtshoorn,ZA,-33.59,22.2,53.6,93,0,3.36,clear sky
471,Lebrija,ES,36.92,-6.08,57.99,87,0,2.24,clear sky
472,Smidovich,RU,48.6,133.82,47.05,68,100,16.67,light rain
473,Creutzwald,FR,49.2,6.68,57.0,81,100,9.66,overcast clouds
474,Pagudpud,PH,18.56,120.79,78.8,74,75,12.75,broken clouds
475,Coahuayana,MX,18.73,-103.68,77.0,83,40,11.41,scattered clouds
476,Cartagena,CO,10.4,-75.51,81.23,82,100,7.85,overcast clouds
477,Phuket,TH,8.0,98.25,84.99,88,40,3.36,scattered clouds
478,Port Blair,IN,11.67,92.75,81.23,80,23,5.57,few clouds
479,Borogontsy,RU,62.67,131.17,-10.12,88,63,2.33,broken clouds
480,Neryungri,RU,56.67,124.65,3.07,90,100,10.22,overcast clouds
481,Campbell River,CA,50.02,-125.24,46.0,87,75,3.36,broken clouds
482,Gbarnga,LR,7.0,-9.47,71.78,98,49,1.12,light rain
483,Okhotsk,RU,59.38,143.3,16.48,87,96,15.41,overcast clouds
484,Hanting,CN,36.77,119.21,59.4,56,88,5.7,overcast clouds
485,Harper,LR,4.38,-7.72,77.54,88,65,7.34,broken clouds
486,Moose Factory,CA,51.26,-80.61,37.4,74,90,14.99,overcast clouds
487,Wukari,NG,7.85,9.78,75.18,85,100,3.58,overcast clouds
488,Narbonne,FR,43.08,2.83,46.4,93,11,1.12,few clouds
489,Strezhevoy,RU,60.73,77.59,33.8,86,0,11.18,clear sky
490,Talpa,MX,28.83,-111.63,81.0,48,71,1.01,broken clouds
491,Baltay,RU,52.47,46.63,43.32,71,100,7.2,overcast clouds
492,Tuzah,TN,35.64,10.83,63.0,93,20,3.36,few clouds
493,San Policarpo,PH,12.18,125.51,84.6,73,100,8.59,overcast clouds
494,Mount Gambier,AU,-37.83,140.77,60.8,63,75,10.29,broken clouds
495,Baruun-Urt,MN,46.68,113.28,25.23,80,0,15.61,clear sky
496,Cabedelo,BR,-6.98,-34.83,78.8,88,20,5.82,few clouds
497,Port Said,EG,31.26,32.28,75.2,73,40,10.29,scattered clouds
498,Semirom,IR,31.42,51.57,30.51,87,0,1.54,clear sky
499,Karratha,AU,-20.74,116.85,81.72,48,0,11.97,clear sky
500,Jerantut,MY,3.94,102.36,78.76,85,10,1.9,clear sky
501,Tessalit,ML,20.2,1.01,74.3,20,0,10.22,clear sky
502,Ryabovo,RU,59.4,31.13,30.2,100,90,4.47,fog
503,Penon Blanco,MX,24.79,-104.04,64.29,30,22,7.02,few clouds
504,Marihatag,PH,8.79,126.3,83.82,68,100,11.34,overcast clouds
505,Souillac,MU,-20.52,57.52,68.0,72,40,9.17,shower rain
506,Fukue,JP,32.69,128.84,68.0,68,20,3.36,few clouds
507,Iqaluit,CA,63.75,-68.51,5.0,77,20,4.7,few clouds
508,Sosnogorsk,RU,63.6,53.88,31.78,95,77,6.96,broken clouds
509,Tsiroanomandidy,MG,-18.77,46.03,68.81,63,80,2.82,broken clouds
510,Kommunisticheskiy,RU,61.68,64.48,31.26,98,100,8.41,overcast clouds
511,Kruisfontein,ZA,-34.0,24.73,57.99,90,0,3.33,clear sky
512,Porto Novo,BJ,6.5,2.6,80.6,88,40,9.17,scattered clouds
513,Auburn,US,47.31,-122.23,52.0,71,75,6.93,broken clouds
514,Port-Cartier,CA,50.03,-66.87,30.2,54,0,10.29,clear sky
515,Chase,CA,50.82,-119.69,39.2,93,9,2.24,clear sky
516,Acapulco,MX,16.86,-99.89,84.2,79,75,6.93,broken clouds
517,Kinablangan,PH,7.69,126.55,85.77,62,87,1.41,overcast clouds
518,Atmakur,IN,15.88,78.58,68.16,73,0,2.37,clear sky
519,Dawlatabad,AF,36.41,64.91,38.12,71,0,0.51,clear sky
520,Dunedin,NZ,-45.87,170.5,59.0,66,100,10.0,overcast clouds
521,Prieska,ZA,-29.66,22.75,62.02,75,1,10.47,clear sky
522,Nishihara,JP,26.18,127.76,80.6,44,20,14.99,few clouds
523,Tempio Pausania,IT,40.9,9.1,55.4,93,20,2.24,few clouds
524,Vanavara,RU,60.34,102.28,-2.16,92,0,2.46,clear sky
525,Hamilton,US,39.18,-84.53,51.01,75,1,5.95,clear sky
526,Zonguldak,TR,41.25,31.83,48.2,84,100,5.39,light rain
527,Isla Mujeres,MX,21.23,-86.73,75.2,100,90,4.7,thunderstorm with rain
528,Mehamn,NO,71.04,27.85,36.97,81,0,14.88,clear sky
529,Lapugiu De Jos,RO,45.88,22.48,40.32,81,0,1.01,light rain
530,Biak,ID,-0.91,122.88,82.89,67,100,6.42,overcast clouds
531,Alta Floresta,BR,-9.88,-56.09,74.73,83,90,1.81,light rain
532,Hirado,JP,33.36,129.55,64.4,77,20,9.17,few clouds
533,Duldurga,RU,50.68,113.59,23.81,87,99,14.45,snow
534,Zeya,RU,53.75,127.27,28.74,90,100,11.52,overcast clouds
535,Teya,RU,60.38,92.63,16.59,93,100,6.13,overcast clouds
536,Olafsvik,IS,64.89,-23.71,41.9,81,100,4.34,overcast clouds
537,Zhezkazgan,KZ,47.8,67.71,35.83,69,0,7.02,clear sky
538,Chitipa,MW,-9.7,33.27,62.15,86,31,6.46,scattered clouds
539,Carbonia,IT,39.17,8.52,59.0,100,40,5.82,fog
540,Marovoay,MG,-16.1,46.63,69.8,60,20,5.82,few clouds
541,Manggar,ID,-2.88,108.27,82.87,71,94,3.91,light rain
542,Cooma,AU,-36.23,149.13,57.2,76,75,18.34,broken clouds
543,Laibin,CN,23.7,109.27,73.42,73,82,5.7,broken clouds
544,Hoquiam,US,46.98,-123.89,55.4,58,1,4.7,clear sky
545,Nordby,DK,55.45,8.4,53.6,93,100,11.41,light rain
546,Mungaoli,IN,24.42,78.1,63.54,28,0,4.59,clear sky
547,Mazatlan,MX,23.22,-106.42,84.2,70,5,8.05,clear sky
548,Rawson,AR,-43.3,-65.1,72.93,22,0,23.06,clear sky
549,Roald,NO,62.58,6.13,59.0,47,97,17.22,overcast clouds
550,Payyannur,IN,12.1,75.2,75.2,94,40,2.24,mist
551,Prescott,US,34.54,-112.47,71.6,12,1,3.36,clear sky
552,Singapore,SG,1.29,103.85,82.0,88,40,5.82,scattered clouds
553,Sibu,MY,2.3,111.82,77.0,94,20,3.36,few clouds
554,Strangnas,SE,59.38,17.03,50.0,87,100,12.75,overcast clouds
555,Darhan,MN,49.49,105.92,25.99,90,0,2.42,clear sky
556,Bulawayo,ZW,-20.15,28.58,62.4,70,4,15.66,clear sky
557,Botngard,NO,63.77,9.81,51.01,57,0,28.86,clear sky
558,Siloam Springs,US,36.19,-94.54,55.4,58,1,6.93,clear sky
559,Berlevag,NO,70.86,29.09,37.67,80,0,16.93,clear sky
560,Klyuchi,RU,52.27,79.17,31.41,97,3,6.51,clear sky
561,Loukhi,RU,66.08,33.04,29.79,99,100,7.54,overcast clouds
562,Iralaya,HN,15.0,-83.23,79.88,86,100,11.56,moderate rain
563,Kreminna,UA,49.05,38.22,52.39,77,100,14.47,overcast clouds
564,Rorvik,NO,64.86,11.24,49.48,68,4,33.35,clear sky
565,Whitehorse,CA,60.72,-135.05,9.0,78,75,11.41,broken clouds
566,Sur,OM,22.57,59.53,68.81,56,0,2.3,clear sky
567,Machakos,KE,-1.52,37.27,62.6,93,40,8.05,scattered clouds
568,Omagari,JP,39.45,140.48,44.6,93,75,6.93,broken clouds
569,Morogoro,TZ,-6.82,37.67,73.4,78,75,1.39,broken clouds
570,Leningradskiy,RU,69.38,178.42,16.5,89,47,7.25,scattered clouds
571,Kathmandu,NP,27.72,85.32,55.4,93,20,3.36,few clouds
572,Kerema,PG,-7.96,145.78,84.69,69,0,6.22,clear sky
573,Mandalgovi,MN,45.76,106.27,22.01,82,1,11.01,clear sky
574,Baghdad,IQ,33.34,44.4,66.2,34,0,9.17,clear sky
575,Afonso Bezerra,BR,-5.5,-36.51,76.68,78,98,10.98,overcast clouds
576,Birjand,IR,32.87,59.22,40.35,62,0,2.68,clear sky
577,La Presa,US,32.71,-117.0,75.2,31,5,3.65,clear sky
578,Boguchany,RU,58.38,97.45,8.58,93,0,3.31,clear sky
579,Urumqi,CN,43.8,87.6,35.6,59,0,2.24,clear sky
580,Tautira,PF,-17.73,-149.15,86.0,62,40,12.75,scattered clouds
581,Korla,CN,41.76,86.15,36.32,74,0,1.77,clear sky
582,Deep River,CA,46.1,-77.5,35.6,43,1,8.05,clear sky
583,Port Augusta,AU,-32.5,137.77,72.0,63,0,4.7,clear sky
584,Bubaque,GW,11.28,-15.83,83.55,72,100,9.31,overcast clouds
585,Alyangula,AU,-13.85,136.42,91.4,41,0,5.82,clear sky
586,Mukhen,RU,48.1,136.1,49.08,72,77,11.23,broken clouds
587,Marsh Harbour,BS,26.54,-77.06,79.79,83,16,20.15,few clouds
588,Deputatskiy,RU,69.3,139.9,-9.78,90,83,5.44,broken clouds
589,Valparaiso,CL,-33.04,-71.63,53.6,93,75,5.82,haze
590,Malanje,AO,-9.54,16.34,64.44,89,75,1.07,broken clouds
591,Camacha,PT,33.08,-16.33,66.2,88,20,9.48,few clouds
592,Kikwit,CD,-5.04,18.82,70.38,94,63,1.99,broken clouds
593,Beringovskiy,RU,63.05,179.32,21.09,95,100,12.17,overcast clouds
594,Parnamirim,BR,-5.92,-35.26,78.8,83,20,8.05,few clouds
595,Mayo,US,38.89,-76.51,50.0,66,90,6.93,overcast clouds
596,Le Mars,US,42.79,-96.17,52.0,34,1,18.34,clear sky
597,Petropavlovsk-Kamchatskiy,RU,53.05,158.65,42.8,60,40,13.42,scattered clouds
598,Canutama,BR,-6.53,-64.38,71.58,97,100,0.85,moderate rain
599,Wattegama,LK,6.8,81.48,75.2,100,90,2.24,moderate rain
600,Touros,BR,-5.2,-35.46,77.0,88,20,4.7,few clouds
601,Gat,IL,31.61,34.76,72.0,100,94,1.12,overcast clouds
602,Lazaro Cardenas,MX,17.96,-102.2,80.28,80,0,4.92,clear sky
603,San Pedro,PH,14.35,121.02,77.0,78,90,5.82,heavy intensity rain
604,Isla Del Bosque,MX,22.73,-105.85,84.2,70,5,8.05,clear sky
605,Kazanlak,BG,42.62,25.4,46.99,65,41,7.27,scattered clouds
606,Barahona,DO,18.21,-71.1,79.88,77,100,9.86,light rain
607,Kondoa,TZ,-4.9,35.78,59.58,91,38,5.73,scattered clouds
608,Oskaloosa,US,41.3,-92.64,60.8,58,1,13.87,clear sky
609,Roura,GF,4.73,-52.33,77.0,100,40,1.12,scattered clouds
610,Salta,AR,-24.79,-65.41,66.2,34,75,4.7,broken clouds
611,Statesville,US,35.78,-80.89,51.01,81,75,3.51,broken clouds
612,Laguna,US,38.42,-121.42,73.0,35,1,3.98,clear sky
613,La Ronge,CA,55.1,-105.28,19.4,85,0,3.36,clear sky
614,Midland,US,32.0,-102.08,75.2,23,62,5.82,broken clouds
615,Hudson Bay,CA,52.85,-102.38,18.36,96,36,5.73,scattered clouds
616,Balkanabat,TM,39.51,54.37,63.88,29,0,3.69,clear sky
617,Breyten,ZA,-26.3,29.99,52.63,86,100,8.7,overcast clouds
618,Banswara,IN,23.55,74.45,66.24,27,0,2.13,clear sky
619,Swan River,CA,52.11,-101.27,23.0,67,29,9.17,scattered clouds
620,Dwarka,IN,22.24,68.97,80.1,50,0,8.57,clear sky
621,Makrana,IN,27.05,74.72,57.88,32,0,1.32,clear sky
622,Praxedis Guerrero,MX,31.37,-106.02,73.4,20,90,4.7,overcast clouds
623,Gijon,ES,43.54,-5.66,64.0,87,100,4.43,overcast clouds
624,Chicama,PE,-7.84,-79.15,62.6,82,75,8.05,mist
625,Opuwo,NA,-18.06,13.84,67.91,61,32,2.26,scattered clouds
626,Tibati,CM,6.47,12.63,68.65,73,8,1.34,clear sky
627,Shahrud,IR,36.42,54.98,52.45,42,0,3.53,clear sky
628,Fredericksburg,US,38.3,-77.46,43.0,100,1,4.81,clear sky
629,Ahmadpur,IN,18.7,76.93,67.37,60,0,4.03,clear sky
630,Chumikan,RU,54.72,135.31,32.31,97,100,28.79,overcast clouds
631,Mangrol,IN,21.12,70.12,77.13,45,0,8.75,clear sky
632,Tucuma,BR,-0.18,-50.05,80.62,78,17,8.5,few clouds
633,Figeac,FR,44.75,1.92,51.01,87,0,2.24,clear sky
634,Namanyere,TZ,-7.52,31.05,67.6,58,100,7.23,overcast clouds
635,Camacari,BR,-12.7,-38.32,80.6,83,75,12.75,broken clouds
636,Burayevo,RU,55.84,55.41,37.99,97,100,5.75,light rain
637,Aviles,ES,43.55,-5.92,69.8,56,20,6.93,few clouds
638,Iwanai,JP,42.97,140.51,54.14,72,100,8.43,light rain
639,Roebourne,AU,-20.78,117.13,83.62,45,0,10.42,clear sky
640,Dunhua,CN,43.37,128.24,43.83,60,0,15.19,clear sky
641,Xining,CN,36.62,101.77,35.22,76,100,1.41,overcast clouds
642,Poya,NC,-21.35,165.15,84.9,49,1,6.71,clear sky
643,Aranos,NA,-24.13,19.12,70.92,50,100,7.09,overcast clouds
644,Tampere,FI,61.5,23.79,46.0,93,90,6.93,overcast clouds
645,Dothan,US,31.22,-85.39,66.2,72,75,5.82,broken clouds
646,Manacor,ES,39.57,3.21,55.4,93,20,3.36,few clouds
647,Middelburg,ZA,-25.78,29.46,57.69,70,100,12.82,overcast clouds
648,Kasongo-Lunda,CD,-6.47,16.82,69.98,91,100,0.31,overcast clouds
649,Yamoussoukro,CI,6.82,-5.28,73.4,88,0,4.7,clear sky
650,Dali,CN,25.7,100.18,58.62,86,78,4.05,broken clouds
651,Lagos,NG,6.58,3.75,76.93,93,0,3.58,clear sky
652,Taltal,CL,-25.4,-70.48,58.98,67,24,3.74,few clouds
653,Tagusao,PH,9.19,117.81,82.53,75,100,9.24,overcast clouds
654,Road Town,VG,18.42,-64.62,82.0,84,100,4.0,overcast clouds
655,Nanakuli,US,21.39,-158.15,86.0,58,75,12.75,broken clouds
656,Kropotkin,RU,45.44,40.58,53.01,84,4,0.78,clear sky
657,Elizabethtown,US,37.69,-85.86,51.8,71,1,6.76,clear sky
658,Wenling,CN,28.37,121.36,72.0,84,0,6.22,clear sky
659,Nioro,GM,13.35,-15.75,77.9,42,100,3.69,overcast clouds
660,Bira,RU,49.0,132.47,38.5,86,100,9.06,light rain
661,Butembo,CD,0.15,29.28,57.09,99,95,2.28,light rain
662,Dingle,PH,11.0,122.67,81.34,84,100,9.55,moderate rain
663,Beloha,MG,-25.17,45.05,63.97,82,0,9.64,clear sky
664,Luau,AO,-10.71,22.22,64.71,78,89,0.49,overcast clouds
665,Belgrade,RS,44.8,20.47,46.4,100,40,5.82,fog
666,Kizukuri,JP,40.81,140.39,60.01,62,75,4.7,broken clouds
667,Viransehir,TR,37.24,39.76,60.28,29,34,7.16,scattered clouds
668,Cristalina,BR,-16.77,-47.61,64.89,100,100,7.23,moderate rain
669,Mezen,RU,65.85,44.24,30.65,94,100,7.81,overcast clouds
670,Sept-Iles,CA,50.2,-66.38,30.2,54,0,10.29,clear sky
671,Kieta,PG,-6.22,155.63,86.27,64,76,4.5,light rain
672,Sompeta,IN,18.93,84.6,77.34,69,89,4.0,overcast clouds
673,Gidam,IN,18.98,81.4,65.32,81,2,2.01,clear sky
674,Prince Rupert,CA,54.32,-130.32,48.2,81,90,17.22,overcast clouds
675,Krasnogvardeyskiy,RU,57.38,62.32,38.82,95,100,7.58,light rain
676,Teahupoo,PF,-17.83,-149.27,86.0,62,40,12.75,scattered clouds
677,Rudarpur,IN,26.44,83.61,69.96,44,4,5.61,clear sky
678,Alihe,CN,50.57,123.72,26.53,93,100,9.78,light snow
679,Aklavik,CA,68.22,-135.01,1.4,77,67,1.12,broken clouds
680,Yumen,CN,40.28,97.2,38.62,62,100,11.81,overcast clouds
681,Anito,PH,12.45,125.29,84.52,73,100,8.77,overcast clouds
